ens,flag,m2200,mmax,t0,tau,m2200 scaled,mmax scaled
1.0,0,0.151552592621086,0.6404451175433223,223.484266632899,20.0523316952258,1.818631111453032,7.685341410519868
2.0,0,0.799024014879123,0.981424553093575,155.016037502626,30.3018102638877,9.588288178549476,11.7770946371229
3.0,0,0.390622373781103,0.7397941236320094,184.77439372102,67.2086710073024,4.687468485373236,8.877529483584112
4.0,0,0.116112886431178,0.15179773656768702,134.756571088764,51.3562181057233,1.3933546371741359,1.8215728388122443
5.0,0,0.698352413925074,0.8041194231384452,175.198241626148,13.1400943596423,8.380228967100887,9.649433077661342
6.0,0,0.345849734749831,0.3750831803051824,110.888408584442,35.4049616838461,4.150196816997972,4.500998163662189
7.0,0,0.968633175961133,2.004752942845016,199.364050776838,61.4709983596866,11.623598111533596,24.057035314140194
8.0,0,0.869066711857573,1.3725995522725043,166.15451402877,54.6981974862961,10.428800542290876,16.47119462727005
9.0,0,0.441635261472,0.46070831942984114,144.090263554866,17.7913444930651,5.299623137664,5.528499833158094
10.0,0,0.606608911645763,1.2940564665552756,204.501778162241,40.1754716448377,7.279306939749157,15.528677598663307
11.0,0,0.204075436425593,0.2638088072114897,105.460730301417,64.9476759338613,2.448905237107116,3.1657056865378763
12.0,0,0.290950914481148,0.6598295792207409,210.171499735193,49.5955342068174,3.4914109737737764,7.917954950648891
13.0,0,0.894670327956222,0.9398135569824717,129.626495908839,23.5295207815281,10.736043935474665,11.27776268378966
14.0,0,0.059669876696704,0.09972234652991574,186.367939839883,33.6443011565881,0.716038520360448,1.1966681583589889
15.0,0,0.625811650965221,1.016905628149516,153.620851927275,71.8604016521178,7.5097398115826515,12.20286753779419
16.0,0,0.412519907217779,0.7489049508933476,194.393085376877,27.2857394912441,4.950238886613348,8.986859410720172
17.0,0,0.776947175504586,1.062240133613841,113.852608187607,69.5902205522886,9.323366106055033,12.746881603366091
18.0,0,0.174465762700252,0.2649980641047023,170.402823124211,43.2062235663426,2.093589152403024,3.1799767692564274
19.0,0,0.514983694763897,0.54256897208802,137.65216233509,21.290088899023,6.179804337166765,6.51082766505624
20.0,0,0.990698606702194,1.6178581980341278,181.886434422074,38.4200288076938,11.888383280426329,19.414298376409533
21.0,0,0.323971255444963,0.5052241724717987,159.819080500688,59.0904524634962,3.8876550653395565,6.062690069661585
22.0,0,0.72134179494266,1.8256382806464444,220.512431356727,52.9754799211397,8.656101539311921,21.907659367757333
23.0,0,0.0931883524290521,0.09331539043046178,121.475440703956,11.9013955085192,1.1182602291486252,1.1197846851655413
24.0,0,0.243542170405929,0.3212321594730838,150.778680121278,41.7942801956013,2.922506044871148,3.8547859136770057
25.0,0,0.56695522995511,1.1089334512109872,191.216770330894,63.7104226131046,6.80346275946132,13.307201414531846
26.0,0,0.482133370196657,0.6372347623425867,126.608887110821,57.7147718997869,5.7856004423598835,7.64681714811104
27.0,0,0.828503730036321,3.0341592091156144,215.089063391556,15.4102830885586,9.942044760435852,36.40991050938737
28.0,0,0.665446293427572,0.696599434207883,100.535538423302,32.0245199577637,7.985355521130864,8.359193210494595
29.0,0,0.0202145662533494,0.04557115587090266,207.511751287252,73.0986276209354,0.2425747950401928,0.5468538704508319
30.0,0,0.935244658796928,1.2055137812205885,139.24905755998,46.5799944428574,11.222935905563135,14.466165374647062
31.0,0,0.250433811238704,0.32628731372028597,169.004317782147,25.9095475365038,3.005205734864448,3.9154477646434316
32.0,0,0.792614770713051,1.6609477498275282,203.112765019804,43.9608189963457,9.511377248556611,19.93137299793034
33.0,0,0.39690951538938,0.4016855128259067,106.88027752037,21.0374559170806,4.76291418467256,4.82022615391088
34.0,0,0.561822098449271,0.7085572251355643,163.636922010511,27.0254803284901,6.741865181391252,8.502686701626772
35.0,0,0.127562487781221,0.19884215897377544,146.577317770982,70.3524421631033,1.530749853374652,2.3861059076853053
36.0,0,0.370817539358882,0.6895100808321786,188.763418837251,54.2379942998032,4.449810472306584,8.274120969986143
37.0,0,0.943787473909877,0.951444910168675,151.255907006422,10.1250153683256,11.325449686918525,11.4173389220241
38.0,0,0.108848104667737,0.25968414739395485,211.682622172894,36.6360224866887,1.3061772560128442,3.116209768727458
39.0,0,0.705739298246311,0.9548839690830846,128.084835668996,60.3605930229712,8.468871578955731,11.458607628997015
40.0,0,0.613873691546267,0.9379746350316509,157.380772856947,57.9750160465598,7.366484298555204,11.25569562037981
41.0,0,0.196688550241418,0.25575590876883325,182.37912242737,14.6480774624979,2.360262602897016,3.069070905225999
42.0,0,0.844098905385583,0.966095680877288,118.053969606495,41.0397007503521,10.129186864626995,11.593148170527456
43.0,0,0.466480961660318,1.1757421712388805,221.972932765853,63.963040579066,5.597771539923816,14.108906054866566
44.0,0,0.0358018762775727,0.04198104942474856,109.468592188921,48.3639857478816,0.42962251533087237,0.5037725930969827
45.0,0,0.649801757668024,1.320171470800915,200.75333123303,24.6394229617828,7.797621092016287,15.842057649610979
46.0,0,0.297360160510158,0.3307475657481973,132.269782323588,30.7620215638542,3.568321926121896,3.9689707889783676
47.0,0,0.888383188210883,1.6631270711275192,177.715562605026,74.874992745148,10.660598258530596,19.95752485353023
48.0,0,0.167200936226294,0.17950690814700465,125.219835082149,28.5167654182598,2.006411234715528,2.154082897764056
49.0,0,0.522370593988639,1.2547832207508236,216.508623883056,68.4798500914001,6.268447127863668,15.057398649009883
50.0,0,0.437487667116314,0.5875216903984892,148.26113071488,46.0879726347793,5.249852005395768,7.050260284781871
51.0,0,0.752101488356836,1.2850314871468527,193.70381500009,18.2750370333495,9.025217860282032,15.420377845762232
52.0,0,0.745209841935246,0.8898394267214371,141.64455728115,35.1436639964694,8.942518103222952,10.678073120657245
53.0,0,0.069198232685682,0.11427798695990532,166.639326523805,62.2342584951241,0.830378792228184,1.3713358435188638
54.0,0,0.984289407246638,1.1595044768466778,102.046643862829,52.1117280574092,11.811472886959656,13.914053722160133
55.0,0,0.330258382149735,0.8551335229242341,205.970141110525,12.8865468560171,3.9631005857968202,10.261602275090809
56.0,0,0.488542571515151,0.7354919962961048,172.767548931613,38.9120277285106,5.862510858181812,8.825903955553258
57.0,0,0.822216605194488,1.1933834185845171,135.256933653301,66.7249865804916,9.866599262333857,14.320601023014206
58.0,0,0.219674125276282,0.436754712683296,195.934964730172,56.4832583166779,2.636089503315384,5.241056552199552
59.0,0,0.590945351561418,0.5938802405569277,112.341235434326,16.5201503929864,7.091344218737016,7.126562886683132
60.0,0,0.910276897035455,2.542727444289312,219.092665024323,32.8887761889212,10.92332276442546,30.512729331471746
61.0,0,0.275279496523517,0.3943657755633012,122.864704161973,72.1139651404969,3.3033539582822042,4.7323893067596146
62.0,0,0.672711118038592,1.1383451161316316,179.39959931941,49.8568478789481,8.072533416463104,13.660141393579579
63.0,0,0.0128276651656688,0.015282836719734405,162.336422203368,22.7662456301097,0.1539319819880256,0.18339404063681286
64.0,0,0.842170598557309,1.039112475592674,124.046050144079,49.0937624859349,10.106047182687709,12.469349707112087
65.0,0,0.472373358775207,1.3711795312781305,215.452509155405,24.0346425193372,5.6684803053024835,16.454154375337566
66.0,0,0.572822669287066,0.6961669349595923,146.991254399306,34.1573590825587,6.873872031444792,8.354003219515107
67.0,0,0.241581573270005,0.488090114500892,192.316506914239,71.3506937430738,2.89897887924006,5.857081374010704
68.0,0,0.264115955852851,0.36764794418218116,142.788417981312,55.2128771382168,3.1693914702342125,4.411775330186174
69.0,0,0.925469401089329,1.0679533853988232,167.664324812834,17.2812510123794,11.105632813071947,12.815440624785879
70.0,1,0.0260667592991568,0.028531805902503038,103.346205976169,39.6733143523136,0.31280111158988155,0.34238167083003646
71.0,0,0.663500972384807,1.4757967419438955,207.38880407514,65.4544193976204,7.962011668617684,17.709560903326746
72.0,0,0.501302511425856,0.8190501407477768,174.186323665045,50.842648667625,6.015630137110272,9.828601688973322
73.0,0,0.18424007403525,0.18600510683768334,136.556369095315,13.6493217572937,2.210880888423,2.2320612820522
74.0,0,0.771094021182673,1.4852419250098592,196.959597907732,35.906252893336,9.253128254192076,17.82290310011831
75.0,0,0.414466174633145,0.5348555516377473,113.485446343447,60.96536510975,4.97359409559774,6.418266619652968
76.0,0,0.0795224451841708,0.1994666717621385,217.705483609797,45.3271815383499,0.9542693422100497,2.393600061145662
77.0,0,0.73110085999151,0.7443677591106734,121.594716077582,19.5460997435943,8.77321031989812,8.932413109328081
78.0,0,0.318102854836902,0.4724269300902506,178.343134382799,29.7876421240946,3.8172342580428236,5.669123161083007
79.0,0,0.992660150210718,1.637490673991806,161.163002376767,67.7192449993807,11.911921802528616,19.649888087901672
80.0,0,0.217756612311881,0.4537256467358475,202.425397972828,31.5233665562286,2.613079347742572,5.44470776083017
81.0,0,0.596834592859013,0.8180162563314752,106.31821076838,73.6043671937054,7.162015114308156,9.816195075977703
82.0,0,0.447488393438656,0.6603080330489774,162.861093670596,47.0936702037891,5.369860721263872,7.923696396587729
83.0,0,0.867120422086949,0.9696446143755111,145.676427576225,25.4004579468071,10.405445065043388,11.635735372506133
84.0,0,0.639477580565361,1.14763704122538,189.420861646319,42.3083415281746,7.673730966784332,13.77164449470456
85.0,0,0.0499108340031124,0.07641264579547169,151.786857319791,63.1997112974579,0.5989300080373487,0.9169517495456603
86.0,0,0.900538736016036,2.0839451799440667,212.488136310574,57.2119967723018,10.806464832192432,25.0073421593288
87.0,0,0.288989378424376,0.29233269355131597,129.017080742517,15.9164082329703,3.467872541092512,3.5079923226157916
88.0,0,0.376955497808363,0.5050503304221365,158.313129699286,37.9068335581548,4.523465973700356,6.0606039650656385
89.0,0,0.808784018848821,1.4700254947945268,183.184509893724,59.6000535653205,9.705408226185853,17.640305937534322
90.0,0,0.145685130933872,0.18178933529156893,118.584554808396,53.4771448348024,1.748221571206464,2.181472023498827
91.0,0,0.539914670947867,4.47322051945207,222.63072578388,11.3961364471418,6.478976051374405,53.67864623342484
92.0,1,0.954951053702245,0.9912563367822713,108.56782866549,27.7880031066015,11.45941264442694,11.895076041387256
93.0,0,0.355625014812687,0.7527587187689733,199.977391124298,69.0836148964844,4.267500177752244,9.03310462522768
94.0,0,0.692500228331019,0.840118155070968,131.707365362638,42.6916817223767,8.310002739972228,10.081417860851616
95.0,0,0.118058214925696,0.15923427769507725,177.028560669519,21.8002887025421,1.416698579108352,1.910811332340927
96.0,1,0.581186301416074,1.1282660159383795,195.571512446474,47.8509336345487,6.974235616992887,13.539192191260554
97.0,1,0.233340047424668,0.24134060457413398,114.90406588122,25.1491289332809,2.800080569096016,2.8960872548896077
98.0,0,0.820255076589469,1.1535967905535927,171.667803965606,31.2637913471907,9.843060919073627,13.843161486643112
99.0,0,0.494410987026718,0.7641562047922434,139.044350992612,74.3698768199767,5.932931844320616,9.169874457506921
100.0,0,0.00305333892716542,0.005427366573940162,180.739600671384,58.4771752766299,0.03664006712598504,0.06512839888728195
101.0,0,0.680098061973851,0.9511031467980047,172.353934686471,29.9044109336187,8.161176743686212,11.413237761576056
102.0,0,0.00556660927860733,0.00811349752325441,135.700992327053,67.0980325931258,0.06679931134328795,0.09736197027905291
103.0,0,0.15981208277939,0.1850100278818445,102.491477001341,49.1991928977271,1.91774499335268,2.220120334582134
104.0,0,0.529633555661469,1.2013152346673905,205.555870689287,23.417824588366,6.355602667937628,14.415782816008686
105.0,0,0.429123051355941,0.5047288433104313,141.200198694406,33.5326668437993,5.149476616271292,6.056746119725176
106.0,0,0.760340212343135,1.3202324563428647,167.053117736241,71.4639982204609,9.12408254811762,15.842789476114376
107.0,0,0.737945091841754,1.0574765804392428,148.824230629872,55.0955894296712,8.855341102101049,12.689718965270913
108.0,0,0.0765812439584216,0.12887811112364034,193.17127873378,17.9019910207154,0.9189749275010592,1.546537333483684
109.0,0,0.976045079542263,1.1343678926857592,124.657210650332,40.2861802950546,11.712540954507157,13.61241471222911
110.0,0,0.338620971033357,0.816383884022116,217.04068187197,65.345005996863,4.063451652400284,9.796606608265392
111.0,0,0.450927113731866,0.5250383106056233,177.34687977355,12.5450624373899,5.411125364782392,6.30045972726748
112.0,0,0.85983207601834,1.1188320329790713,132.876915776084,51.8179467463524,10.31798491222008,13.425984395748856
113.0,0,0.212361011444435,0.44635679960379093,201.124527000072,62.0197461845748,2.54833213733322,5.356281595245491
114.0,0,0.598258478433832,0.6445613231187508,108.862779471279,34.9768688406987,7.179101741205983,7.73473587742501
115.0,0,0.903933690302346,3.7498777666939986,221.350542171297,18.6164279653852,10.847204283628152,44.998533200327984
116.0,0,0.281622690216058,0.3346014114447371,118.407395295911,46.3818464636546,3.379472282592696,4.015216937336845
117.0,0,0.634125965531523,1.1941948761716503,183.0001960127,68.6942689153579,7.609511586378276,14.330338514059804
118.0,0,0.0514128046321705,0.06296370331597245,157.024837957593,28.6836530918491,0.616953655586046,0.7555644397916694
119.0,0,0.143267375286376,0.1494608136874831,127.72163672795,22.9802538154252,1.719208503436512,1.7935297642497972
120.0,0,0.546304171695001,1.2681021172340934,212.295716396105,50.0231544098526,6.555650060340012,15.21722540680912
121.0,0,0.38133087920537,0.6158657887806385,151.617803840751,72.4549606920647,4.57597055046444,7.390389465367662
122.0,0,0.808258293034223,1.3770712546977393,188.14783030661,33.182053132551,9.699099516410676,16.52485505637287
123.0,0,0.690038695498993,0.715167305407931,145.979486278272,16.3062347254893,8.280464345987916,8.582007664895173
124.0,0,0.124369362355491,0.19562801061397295,164.015383682058,56.3168582991819,1.4924323482658919,2.3475361273676754
125.0,0,0.95937040975523,1.2593473715412529,107.480607046138,66.3840835467424,11.51244491706276,15.112168458495034
126.0,0,0.355177362874699,0.740599679971865,202.735609180601,38.6186572982893,4.2621283544963875,8.88719615966238
127.0,0,0.575303397834202,0.9161254264620311,161.957722790233,60.590976983264,6.903640774010425,10.993505117544373
128.0,0,0.235258860719926,0.37347052978361717,179.997669950817,36.786945023943,2.823106328639112,4.481646357403406
129.0,0,0.837739915840128,0.8382931657467907,123.241143982193,10.4823719210828,10.052878990081535,10.059517988961488
130.0,0,0.472839967972218,1.1663950384615873,218.493050120428,54.515902507957,5.674079615666616,13.996740461539048
131.0,0,0.0284729498263688,0.038798248184548356,111.727903469528,70.1221507206291,0.3416753979164256,0.4655789782145803
132.0,0,0.657130667352784,1.2304282941602196,196.298402809915,26.8744643046443,7.885568008233408,14.765139529922635
133.0,0,0.259759531714867,0.2714675309800896,135.871806164959,20.6801918821419,3.117114380578404,3.257610371761075
134.0,0,0.925983800239731,1.4330449314400084,172.406366719157,43.6828173016004,11.111805602876773,17.1965391772801
135.0,0,0.767710632016647,1.7124692224831506,205.61600126494,74.5181240906773,9.212527584199764,20.549630669797807
136.0,0,0.421813667126352,0.43975476944865477,102.669750942071,30.4846167543543,5.061764005516224,5.277057233383857
137.0,0,0.506635169200672,0.6378717206587226,166.995021818759,24.4095421579508,6.079622030408064,7.654460647904671
138.0,0,0.182749430070388,0.2403239168268101,141.023720971704,48.2135508667205,2.192993160844656,2.883887001921721
139.0,0,0.31464493882858,0.6251635409751088,193.095967391425,64.3198157469452,3.7757392659429603,7.501962491701306
140.0,0,0.999960061399611,1.2986430676676264,148.630530031043,41.3171980776705,11.999520736795333,15.583716812011517
141.0,0,0.0849293727158119,0.35323711824162274,217.114196996297,14.8778647797384,1.0191524725897427,4.238845418899473
142.0,0,0.729658017157668,0.9607070971981102,124.848876590991,58.1255434455395,8.755896205892016,11.528485166377322
143.0,0,0.188370906604571,0.191832659230613,153.036378670997,11.7507754706245,2.260450879254852,2.301991910767356
144.0,0,0.622126480715901,1.1316696381038582,186.759759747861,52.7455374791276,7.4655177685908125,13.580035657246299
145.0,0,0.457214255340143,0.617365992205805,130.209663332773,58.812861770683,5.486571064081716,7.40839190646966
146.0,0,0.853422831852268,1.9670676813359478,209.777181794157,38.0630987572362,10.241073982227215,23.604812176031373
147.0,0,0.641512849852759,0.6492484824514122,105.114689736578,21.4406784205693,7.698154198233109,7.790981789416946
148.0,0,0.0441480228687288,0.09478131981381921,205.132030761658,43.4361974934762,0.5297762744247456,1.1373758377658305
149.0,0,0.87908798825109,1.353278137593179,144.438798427136,69.8677807287534,10.54905585901308,16.23933765111815
150.0,0,0.30659049482511,0.39496602803069436,165.52556353607,27.6427010268232,3.6790859379013203,4.739592336368332
151.0,0,0.406176579393688,0.7934828443137576,198.728313122732,26.1876423545508,4.874118952724256,9.521794131765091
152.0,0,0.783290486562234,0.9143731623532858,111.228487214307,46.9374131181812,9.399485838746807,10.97247794823943
153.0,0,0.135880489102201,0.2498701461956898,175.836488490193,73.2497365258896,1.630565869226412,2.9984417543482778
154.0,0,0.553568951595504,0.6273091345599369,134.417809468124,32.2549667672028,6.642827419146048,7.527709614719242
155.0,0,0.953083270009891,1.2927750271762761,184.388533885202,15.1322197556331,11.436999240118691,15.513300326115314
156.0,0,0.36158660890371,0.5450140246432511,155.605993950779,57.3573227081146,4.33903930684452,6.540168295719013
157.0,0,0.714028802201796,1.8322702376906363,223.868805733864,63.5593451932719,8.568345626421552,21.987242852287636
158.0,0,0.10050136193636,0.11472753519569778,115.919634142028,41.5638028698137,1.20601634323632,1.3767304223483734
159.0,0,0.812894228692377,1.3534577027132855,168.413647177824,61.7644616710163,9.754730744308524,16.241492432559426
160.0,0,0.497807727870752,0.5919822827252119,139.635633880485,35.7460200845602,5.973692734449024,7.103787392702543
161.0,0,0.582690297058945,1.6540421211686862,208.103981066571,13.3065875004399,6.992283564707341,19.848505454024234
162.0,0,0.227994034245968,0.2663946236168613,100.151236598221,51.5702884136055,2.735928410951616,3.1967354834023354
163.0,0,0.266046658419638,0.6293807746976654,214.74827060552,66.9152391810942,3.192559901035656,7.552569296371985
164.0,0,0.919574600784176,1.0019299606381082,127.245341249613,29.960721346825,11.034895209410111,12.023159527657299
165.0,0,0.00448283008299863,0.007414887244294732,191.555292347133,19.8858700395496,0.05379396099598356,0.08897864693153679
166.0,0,0.68099871434537,0.9140408093901442,150.140670533117,44.6104429102024,8.171984572144439,10.96848971268173
167.0,0,0.53062529080698,0.7527896183171379,120.844950362951,71.6934206130337,6.3675034896837595,9.033475419805654
168.0,0,0.15888138494074,0.45655287686372503,220.858711060265,33.4297274500518,1.90657661928888,5.4786345223647
169.0,0,0.761423507174814,0.900375163417948,160.447314974405,23.2355543137377,9.137082086097768,10.804501961015376
170.0,0,0.428222868444845,0.7352639666498817,181.538614171677,49.25398815001,5.1386744213381395,8.82316759979858
171.0,0,0.0775424716281313,0.11233518914991691,137.260104685524,65.114626456597,0.9305096595375756,1.348022269799003
172.0,0,0.736922841768688,1.1040365527117046,170.987535519187,40.3900768364954,8.843074101224257,13.248438632540456
173.0,0,0.339490624113393,0.3424578608962747,114.246210109659,18.085280444507,4.0738874893607155,4.109494330755297
174.0,0,0.974992299638138,1.8963814009578073,193.810632574815,55.039775028225,11.699907595657656,22.756576811493687
175.0,0,0.176866707193521,0.20623152856273919,169.803809094133,16.816329174948,2.1224004863222516,2.4747783427528702
176.0,0,0.508611005170991,0.7045367526359314,140.89882642081,55.8021738033964,6.1033320620518925,8.454441031631177
177.0,0,0.408162052343265,0.9214208508649335,209.153412018972,65.8773352391184,4.8979446281191805,11.057050210379202
178.0,0,0.777455374796691,0.8449572728648036,101.327875366749,39.1208155595864,9.329464497560291,10.139487274377643
179.0,0,0.723821092753267,2.033839562340063,213.328661331589,22.4751388590269,8.685853113039204,24.406074748080755
180.0,0,0.0868594400206762,0.10899977337771816,125.950555390381,50.5249232244162,1.0423132802481145,1.3079972805326179
181.0,0,0.986262677951069,1.9802707300584643,190.535070312212,72.9646656947899,11.835152135412828,23.763248760701572
182.0,0,0.32443548008109,0.3933897378863094,148.995863523639,32.6690019879911,3.8932257609730803,4.7206768546357125
183.0,0,0.478677838749219,0.4858754527288056,119.699778242005,19.1226647608816,5.744134064990628,5.830505432745667
184.0,0,0.835808887259157,2.1512783995910922,219.838839234304,45.8792076909649,10.029706647109885,25.815340795093107
185.0,0,0.248955297795867,0.4073938602016369,159.152640883991,68.1836939545066,2.987463573550404,4.888726322419643
186.0,0,0.565513817857798,0.8526553463104847,180.11887822642,29.197826075507,6.786165814293575,10.231864155725816
187.0,0,0.931867469489199,0.9374641642932602,138.436393245092,12.0358379460573,11.182409633870387,11.249569971519122
188.0,0,0.257782734468441,0.41800788428076885,172.037331583056,52.3315094030399,3.0933928136212923,5.016094611369226
189.0,0,0.67078133576327,0.8803820752575575,115.50952932131,62.5253726531007,8.04937602915924,10.56458490309069
190.0,0,0.0187291683224306,0.035130638128748615,195.200682722308,34.4755805375277,0.2247500198691672,0.4215676575449834
191.0,0,0.802420399901963,1.2540693754328913,153.936307653929,64.8305319064567,9.629044798823557,15.048832505194696
192.0,0,0.383261885431082,0.6706576624708305,187.540349439375,40.8031357763243,4.599142625172984,8.047891949649966
193.0,0,0.532607727167307,0.5369191009469887,130.776491436363,14.3717386665537,6.391292726007684,6.443029211363864
194.0,0,0.153056947811027,0.3474860369453836,210.463587629308,58.6283234168894,1.836683373732324,4.169832443344603
195.0,0,0.349293701076984,0.47698929210014285,104.185313396023,74.0123874242262,4.191524412923808,5.723871505201714
196.0,0,0.961347214453408,2.069768233851619,204.319847751237,30.9857633744786,11.536166573440896,24.837218806219425
197.0,0,0.110718716300263,0.12241345296047257,143.901179241026,24.9186249662366,1.3286245956031562,1.4689614355256708
198.0,0,0.69978249935819,1.050711336082486,164.870989459969,47.6998780121078,8.39738999229828,12.608536032989832
199.0,0,0.604141178955441,1.2666460648290467,198.073373935163,70.6287573452064,7.249694147465291,15.19975277794856
200.0,0,0.210385153118858,0.2176126903657405,110.691218237157,26.372195845422,2.524621837426296,2.611352284388886
201.0,0,0.465580793652728,0.4663461034226657,105.52848327753,14.7346135923352,5.586969523832735,5.596153241071988
202.0,0,0.845182215120768,1.8188369388747105,204.687674503431,57.761004894377,10.142186581449216,21.826043266496526
203.0,0,0.648779492691453,0.9695278982655964,129.677128463573,74.8836589037417,7.785353912297436,11.634334779187157
204.0,0,0.036763089043777,0.0884195629430451,210.340283106259,30.6268724064352,0.441157068525324,1.0610347553165411
205.0,0,0.887330393403252,1.0215213545632196,153.568438057022,24.5518599325983,10.647964720839024,12.258256254758635
206.0,0,0.298229798686689,0.5313550851894888,186.197136713155,48.5790237994114,3.5787575842402677,6.376261022273866
207.0,0,0.523240254520428,0.5278327122312021,113.680057508856,18.2202146554235,6.278883054245136,6.333992546774425
208.0,0,0.166148163773922,0.3173973326772739,194.34630814777,46.2702700350508,1.993777965287064,3.8087679921272866
209.0,0,0.753062708574793,1.117753158554251,137.826732769502,68.5827546093207,9.036752502897516,13.413037902651013
210.0,0,0.436465409591496,0.5905321247371376,170.451381668837,28.2873779015139,5.237584915097952,7.086385496845651
211.0,0,0.070281534969114,0.07347921744326413,160.007058303241,12.9423341318202,0.8433784196293681,0.8817506093191696
212.0,0,0.744309666475903,1.297636562186426,181.948392883587,51.9284657592606,8.931715997710835,15.571638746237113
213.0,0,0.331250109843493,0.44224940310300553,121.285681585884,62.1303270778564,3.975001318121916,5.306992837236066
214.0,0,0.983358701956235,2.7458983582062046,220.448453139553,35.3740784125624,11.80030442347482,32.950780298474456
215.0,0,0.821132833450632,1.299971409588352,191.145332942303,16.4177418868259,9.853594001407584,15.599656915060223
216.0,0,0.489443231338424,0.7152464854368645,150.581223391646,56.7131418451839,5.873318776061088,8.582957825242374
217.0,0,0.589953139503731,1.4003135902169106,215.158705493526,66.7803049701778,7.0794376740447715,16.803763082602927
218.0,0,0.220605300027108,0.25539702880337245,126.804310113689,38.7302263399992,2.647263600325296,3.0647643456404694
219.0,0,0.274409366531304,0.6565614127919162,207.568124800696,22.8696810356173,3.292912398375648,7.878736953502994
220.0,0,0.911330153851756,1.0533086873135744,100.717685386389,49.625937451095,10.935961846221073,12.639704247762893
221.0,0,0.0118659605837824,0.020878963945278883,168.949977995468,72.0576818529337,0.1423915270053888,0.2505475673433466
222.0,0,0.673733845023834,0.7823263524312551,139.068705883515,33.0715424753096,8.084806140286009,9.387916229175062
223.0,0,0.947596207260533,1.3562786136174054,170.345022579113,34.8196210030852,11.371154487126395,16.275343363408865
224.0,1,0.367073653023686,0.5244363690451337,137.656501526554,62.6868921740241,4.404883836284232,6.293236428541604
225.0,0,0.717806004392115,1.394229004023373,194.450759716353,52.4216032305091,8.613672052705379,16.730748048280475
226.0,0,0.0967241560201643,0.09681980083428243,113.848381230663,12.4513041050691,1.1606898722419716,1.1618376100113892
227.0,0,0.400430206825894,1.21906641552755,220.584379039823,28.8438614996557,4.8051624819107275,14.628796986330599
228.0,0,0.789036862855904,1.0953082393632485,121.365305807461,68.0281304497962,9.468442354270849,13.143698872358982
229.0,0,0.139428903853391,0.23613965330355313,181.814374504458,45.7791975033856,1.6731468462406918,2.8336758396426376
230.0,0,0.550020555473696,0.6146624148948376,159.929341602806,18.7131468678991,6.600246665684352,7.375948978738052
231.0,0,0.645792706299661,0.7154605540142711,126.726563608236,32.5784198989455,7.749512475595932,8.585526648171253
232.0,0,0.0398681403406929,0.09493834348745622,215.024716919415,72.5486957738343,0.4784176840883148,1.1392601218494747
233.0,0,0.877005128344686,1.227907305141116,150.66087741824,50.1803789969148,10.524061540136232,14.734887661693392
234.0,0,0.308673343553884,0.5175731242650272,191.281229037555,22.3131310765271,3.704080122646608,6.210877491180327
235.0,0,0.192391460684789,0.23468939376357412,139.237059410339,39.221314008742,2.308697528217468,2.8162727251628894
236.0,0,0.618105937813312,1.0573947522755134,169.054399759032,66.2873568940447,7.417271253759744,12.68873702730616
237.0,0,0.454902615446363,0.5478691686505499,100.547424338423,56.1566421411916,5.458831385356357,6.574430023806599
238.0,0,0.855734497827183,2.183982574405263,207.461795515989,16.9723809412347,10.268813973926196,26.20779089286316
239.0,0,0.0727739925750959,0.10695869680034775,154.965878218975,53.9142300708408,0.8732879109011508,1.283504361604173
240.0,0,0.741691294740589,0.9177312561757844,184.786322015151,10.578114300444,8.900295536887068,11.012775074109413
241.0,0,0.342062069367167,0.37950636549226147,116.562136603775,36.9461769085969,4.104744832406004,4.554076385907138
242.0,0,0.972420843206735,2.4999143337493024,223.472450573289,59.925815040855,11.66905011848082,29.99897200499163
243.0,0,0.526116151379391,0.6031571749292652,110.952677749817,44.2874503089097,6.313393816552693,7.237886099151183
244.0,0,0.163390535545958,0.320926403788917,199.246304423913,20.5854570266684,1.960686426551496,3.851116845467004
245.0,0,0.764223769674728,0.8310012404638201,134.692189688869,26.7162399438781,9.170685236096737,9.97201488556584
246.0,1,0.425422632026066,0.7713417161619418,175.316114184696,70.7902732332312,5.1050715843127925,9.256100593943302
247.0,0,0.271045582926791,0.578402902609696,204.61186555699,48.0543422326178,3.2525469951214916,6.9408348313163515
248.0,0,0.91457565764764,0.9359131335361326,105.388742567829,25.0746808498085,10.97490789177168,11.230957602433591
249.0,1,0.0011937437796261,0.0015967409956374468,166.044300428399,31.0862659409193,0.0143249253555132,0.01916089194764936
250.0,0,0.684287796922866,1.0810054347336973,144.162363522975,74.4224049618674,8.211453563074393,12.972065216804367
251.0,0,0.818152485373225,1.514609554466233,186.363553146672,58.2837755564894,9.8178298244787,18.175314653594796
252.0,0,0.492549474915781,0.5114611780447831,153.678612421881,14.2097345169526,5.910593698989372,6.137534136537397
253.0,0,0.579630020549959,1.333654370376962,210.175774193884,40.7125573201774,6.955560246599509,16.003852444523545
254.0,0,0.231054329384335,0.32295242079158015,129.568861619856,64.4145583526025,2.77265195261202,3.875429049498962
255.0,0,0.694791674906287,0.8755231791894857,148.294935892103,37.7134061068881,8.337500098875445,10.506278150273829
256.0,0,0.119616409029332,0.2354523302153666,193.677678560816,59.6684844787862,1.435396908351984,2.825427962584399
257.0,1,0.956814464147198,1.2236077891350305,125.185903699304,53.6646496925235,11.481773569766375,14.683293469620367
258.0,0,0.357733319660361,1.8956730667503052,216.53487255685,11.3375933149836,4.292799835924332,22.748076801003663
259.0,0,0.14779153744753,0.15236442276432172,101.966034562128,27.9913861532836,1.77349844937036,1.8283730731718606
260.0,0,0.541779998356218,1.1995280592361723,206.073693289409,69.0091974504571,6.501359980274616,14.394336710834068
261.0,0,0.378515593971891,0.4789674156666024,141.725054347331,42.5141247098872,4.542187127662692,5.747608987999229
262.0,0,0.811073552186568,0.9865696839517568,166.535900550543,21.8528530523224,9.732882626238816,11.838836207421082
263.0,0,0.898919743061627,1.6889178420171902,195.839073372278,31.3358623039906,10.787036916739524,20.267014104206282
264.0,0,0.286636656086159,0.4004524297977241,112.429565166054,73.6629109313467,3.439639873033908,4.805429157572689
265.0,0,0.63743007456846,1.011243948136098,172.863314083884,47.2870980183456,7.64916089482152,12.134927377633176
266.0,0,0.0481086993211092,0.05184979370028486,135.168716156094,25.3320273966313,0.5773043918533104,0.6221975244034184
267.0,0,0.44568435669676,0.7268065755340558,179.418196020578,42.4858989039539,5.348212280361119,8.72167890640867
268.0,0,0.86507482932757,1.400195970228424,162.295017678003,63.1471473109675,10.380897951930839,16.802351642741087
269.0,0,0.215405788307679,0.5323474203544265,219.073956088634,57.0086143311029,2.584869459692148,6.388169044253118
270.0,0,0.595213682941206,0.600011968653007,122.90623489296,15.9908262844807,7.142564195294472,7.200143623836084
271.0,0,0.32014750122368,0.48579502282905196,163.678398254199,50.6491921531692,3.84177001468416,5.8295402739486235
272.0,0,0.994457517633893,1.0146732434816386,146.558800239393,13.7177856090404,11.933490211606717,12.176078921779663
273.0,0,0.0811366708797511,0.17014670233152174,203.071162570493,36.093728687868,0.9736400505570132,2.041760427978261
274.0,0,0.733450722719605,0.9272565009553091,106.89890728648,60.9068549158727,8.80140867263526,11.12707801146371
275.0,0,0.773441981850876,1.793370308238309,211.594364159491,45.530531646751,9.281303782210511,21.520443698859708
276.0,0,0.416082313566246,0.42650426443856304,128.180806196468,19.4717113607561,4.992987762794952,5.1180511732627565
277.0,0,0.503101777183047,0.8493470900054945,188.851564616134,29.6100521733241,6.037221326196565,10.192165080065934
278.0,0,0.186282803458631,0.2921730122432109,151.160062684572,67.7718384123501,2.235393641503572,3.506076146918531
279.0,0,0.0242081161130327,0.029219700307976382,117.950459340917,48.906287296886,0.2904973933563924,0.3506364036957166
280.0,0,0.661395527147255,2.3138987472555073,222.053591431115,24.0931533186975,7.936746325767061,27.766784967066087
281.0,0,0.261827368887705,0.3387739634206355,157.484156916903,34.3508159603044,3.14192842665246,4.065287561047626
282.0,0,0.923915974244522,1.7505041584888659,182.298575996628,71.282230254617,11.086991690934264,21.00604990186639
283.0,0,0.571267344108242,0.7600810117935453,132.295960676169,55.3904674522771,6.855208129298903,9.120972141522543
284.0,0,0.239294903268257,0.3048131033199297,177.681806792364,17.2286579626998,2.871538839219084,3.6577572398391567
285.0,0,0.840067055379649,0.9306322264831124,109.442301601821,39.4699648493956,10.080804664555789,11.167586717797349
286.0,0,0.470512802351562,0.9936729795151678,200.787213251314,65.5288083859418,5.646153628218745,11.924075754182013
287.0,0,0.674512531763515,0.9375199146381874,162.751048654858,38.7066355677875,8.09415038116218,11.250238975658249
288.0,0,0.0148758809420197,0.02261151446759868,145.748405530042,66.7974491637642,0.1785105713042364,0.2713381736111842
289.0,0,0.912630344056628,1.9234005998998782,202.535570125596,56.6587982227495,10.951564128679536,23.08080719879854
290.0,0,0.276897783424352,0.27783140702581477,106.246121511449,16.4656386884418,3.322773401092224,3.3339768843097772
291.0,0,0.221294310511132,0.5454190667740022,212.492504841352,33.0801904088618,2.655531726133584,6.545028801288026
292.0,0,0.593296881619194,0.868723382210419,128.959369146769,72.0435752469914,7.119562579430328,10.424680586525028
293.0,0,0.49058888523161,0.9031314599531015,189.416604418654,49.6673222819104,5.88706662277932,10.837577519437218
294.0,0,0.824019932156933,0.9240697045663637,151.84444177851,22.822837774605,9.888239185883197,11.088836454796365
295.0,0,0.982179900803832,1.038712295356845,118.634726666038,28.3412249067052,11.786158809645984,12.46454754428214
296.0,0,0.328396154670533,0.8300470307324304,222.61875790496,68.5343611904615,3.9407538560463964,9.960564368789164
297.0,0,0.743652845700866,1.059612742955096,158.263084978673,46.2933644322125,8.923834148410393,12.715352915461153
298.0,0,0.0669055994187871,0.09348658525027531,183.19636646953,18.202574086787,0.8028671930254452,1.1218390230033037
299.0,0,0.435196935909311,0.49981256312889855,131.643048229812,35.3331892302172,5.222363230911732,5.9977507575467826
300.0,0,0.750542578884935,1.3232903182995415,177.146326116284,62.1776659873388,9.00651094661922,15.879483819594498
301.0,0,0.432687365353115,0.6675666109515532,184.250700463791,25.7282484567768,5.192248384237381,8.010799331418639
302.0,0,0.891656900616842,2.275779489376646,218.633714785682,44.1758158750244,10.699882807402105,27.30935387251975
303.0,0,0.294025390305019,0.30062918174394326,123.316028973082,20.1890539583014,3.5283046836602283,3.607550180927319
304.0,0,0.629191469810205,0.9223669655750655,179.858912806705,26.3198987558844,7.55029763772246,11.068403586900786
305.0,0,0.0564731958534379,0.09501543835654047,161.884745320486,70.6785766767792,0.6776783502412548,1.1401852602784857
306.0,0,0.438301226195977,0.7184973102960157,172.297175919886,54.0249388421543,5.259614714351724,8.621967723552189
307.0,0,0.872339698649106,0.8748316142362,135.704406165854,10.9754440001558,10.468076383789272,10.4979793708344
308.0,0,0.207043080196013,0.3969614420759626,196.405686088044,37.3435687308754,2.484516962352156,4.7635373049115515
309.0,0,0.603458129873626,0.7700760278601138,111.893395947491,60.0364619317951,7.241497558483513,9.240912334321365
310.0,0,0.703152473506308,0.9941560363938606,141.18918364465,58.6801248579567,8.437829682075696,11.929872436726328
311.0,0,0.111373867882681,0.12257267807285643,167.102334901905,14.3214236865106,1.336486414592172,1.4708721368742772
312.0,0,0.96419950043375,1.0606105230397134,102.502380747984,40.8241846093621,11.570394005205,12.72732627647656
313.0,0,0.350466540827179,0.7670589460656174,205.506780660652,64.8109697766364,4.205598489926148,9.204707352787409
314.0,0,0.156032051717429,0.19109582188889362,124.775928926261,47.6569432656387,1.8723846206091481,2.2931498626667235
315.0,0,0.533413596038121,1.5868271868191641,216.975410047167,24.9640423145352,6.400963152457452,19.04192624182997
316.0,0,0.385776530630908,0.46014628282705416,148.705385216914,30.9755652830795,4.629318367570896,5.52175539392465
317.0,0,0.803686727479353,1.6477381116044398,193.236661861697,74.0250678752616,9.644240729752235,19.772857339253278
318.0,0,0.0158415778004476,0.01656176601613879,108.997751610978,29.2084586615827,0.1900989336053712,0.19874119219366548
319.0,0,0.669636143878755,1.427092349248369,201.201289939936,68.1715720010878,8.035633726545061,17.125108190980427
320.0,0,0.254440408186002,0.3173319376435302,132.740036115243,45.9225769321105,3.053284898232024,3.807983251722362
321.0,0,0.93117701336514,1.2140615725900261,177.268209312544,19.0778059101996,11.17412416038168,14.568738871080313
322.0,0,0.56302493895608,0.7264706910598306,156.921340149581,34.4539741756463,6.75629926747296,8.717648292717968
323.0,0,0.247655599406678,0.4544257326017487,182.830918530322,62.5445012570174,2.971867192880136,5.453108791220984
324.0,0,0.832800412540956,1.0305005608290685,118.512800625064,52.279150433129,9.993604950491473,12.366006729948822
325.0,0,0.477897736176513,3.3139084306128552,221.521727174816,12.0857194001968,5.734772834118155,39.76690116735426
326.0,0,0.327412238276605,0.573663850708499,188.319045115147,39.0779426934907,3.92894685931926,6.883966208501988
327.0,0,0.987074493320586,1.5355557618329385,151.723179364886,65.9226904648504,11.844893919847033,18.426669141995262
328.0,0,0.0893809855435587,0.20618210292809636,212.12640910871,55.7920378345639,1.0725718265227044,2.4741852351371563
329.0,0,0.725088120795416,0.7349214499402024,127.618168724956,16.8289477456101,8.701057449544992,8.819057399282428
330.0,0,0.780830848338347,1.6313238853729217,202.656908914577,32.720865551625,9.369970180060164,19.57588662447506
331.0,0,0.408819364933984,0.5595671895468968,107.343757190315,72.9142888343734,4.9058323792078085,6.714806274562761
332.0,0,0.511466405983987,0.7776987640829702,164.09217642694,50.5460339378274,6.137596871807844,9.332385168995643
333.0,0,0.178044092512899,0.19422772037046343,146.114428612953,22.45551460664,2.136529110154788,2.330732644445561
334.0,0,0.0324971711004142,0.04529662529535017,123.259658719562,67.6208543580123,0.38996605320497046,0.543559503544202
335.0,0,0.653106459119306,1.8790589071124941,218.451563631265,29.379728761342,7.837277509431672,22.54870688534993
336.0,0,0.302373511610656,0.34400777348196243,161.939080915835,19.1937396979728,3.628482139327872,4.128093281783549
337.0,0,0.883369818481003,1.4687740887632117,180.039267743094,45.1732375798503,10.600437821772037,17.62528906515854
338.0,0,0.610828556998891,0.856557097596351,135.775847745776,61.0578074850891,7.329942683986692,10.278685171156212
339.0,0,0.199733703418176,0.29459913302048335,172.494629389594,36.3240826161987,2.396804441018112,3.5351895962458
340.0,0,0.849341304736556,0.8509011296325752,111.823750585598,13.9957257867022,10.192095656838672,10.210813555590903
341.0,0,0.461238566035222,0.907435008724633,196.210267276507,51.0065167364184,5.534862792422664,10.889220104695596
342.0,0,0.373372888826693,0.6293353755575026,166.914360359276,65.8062756812981,4.480474665920316,7.552024506690032
343.0,0,0.941232113264436,1.163544704808146,141.127220991807,39.8267700492368,11.294785359173233,13.962536457697752
344.0,0,0.104094529120222,0.2485680897086695,205.696535587393,17.3791533921715,1.249134349442664,2.982817076504034
345.0,0,0.710492847712691,0.8572622832036814,102.566362225082,55.6202867390256,8.525914172552291,10.287147398444176
346.0,0,0.795429698262398,1.9231501220735936,217.147964917247,71.0047934756091,9.545156379148775,23.077801464883123
347.0,0,0.394094613921169,0.43848405704352444,124.822702895445,33.9939792753417,4.729135367054028,5.261808684522293
348.0,0,0.557297578603985,0.9746279396097179,193.062088167361,23.9426884055744,6.68757094324782,11.695535275316615
349.0,0,0.132087018804137,0.18106313004750518,148.656830863618,48.6764365250161,1.5850442256496442,2.172757560570062
350.0,0,0.908209656002837,1.865076769819325,201.150653193871,22.1466968492356,10.898515872034043,22.3809212378319
351.0,0,0.277346726378505,0.3133375342974887,108.828971499836,42.855545673885,3.32816071654206,3.760050411569864
352.0,0,0.676976547892149,1.23317323310971,177.320626442722,69.1760531545384,8.123718574705787,14.79807879731652
353.0,0,0.00856220923097721,0.009363589571194098,132.91083505064,28.2058369467494,0.10274651077172653,0.11236307485432917
354.0,0,0.486215789659762,0.5895497683548001,182.89664849085,11.0437800344189,5.834589475917143,7.074597220257601
355.0,0,0.824543413131012,1.2221196769144171,157.105459366582,53.3231972434042,9.894520957572144,14.665436122973006
356.0,0,0.223710536686374,0.5641114312504669,221.453978390034,59.5016592910534,2.684526440236488,6.769337175005603
357.0,0,0.586908951328955,0.6565554068959045,118.32690102395,37.4989238283008,7.042907415947461,7.878664882750854
358.0,0,0.749003139911528,0.7840190270860603,151.529463863548,15.8244582364926,8.988037678938337,9.408228325032724
359.0,0,0.0654049309835239,0.12219217836786811,188.243718870283,56.7946666940978,0.7848591718022868,1.4663061404144173
360.0,0,0.978787440991759,1.344981043577036,127.809849568123,62.8538069127082,11.745449291901107,16.13977252292443
361.0,0,0.335760329775232,0.7911196377528995,212.199939135546,42.1449658382426,4.029123957302784,9.493435653034794
362.0,0,0.170734685928052,0.17534511364488026,107.522016228536,25.4983639594979,2.048816231136624,2.104141363738563
363.0,0,0.518836862916263,1.0843070461157822,202.717024587721,47.5010761716992,6.226042354995156,13.011684553389387
364.0,0,0.431756674966218,0.6854867263120923,145.937965792761,73.9562198444845,5.181080099594616,8.225840715745107
365.0,0,0.757832484232808,1.003135797137702,164.034095411967,31.6768258860504,9.093989810793696,12.037629565652423
366.0,0,0.293033178247331,0.6603577764769852,208.09204997822,70.4491542842065,3.516398138967972,7.924293317723823
367.0,0,0.892588075367668,0.9134923410954343,100.201385636397,26.4228381496319,10.711056904412017,10.961908093145212
368.0,0,0.055389424109582,0.0671499545558163,168.425451129146,20.3713242329297,0.664673089314984,0.8057994546697955
369.0,0,0.630092129633478,0.7989039318147206,139.585596145423,44.1210206227415,7.561105555601737,9.586847181776648
370.0,0,0.87137799406722,1.6915482097135737,191.673050808347,60.2668414720612,10.456535928806641,20.298578516562884
371.0,0,0.439323953181219,0.5568799458694684,150.076406024776,37.2396721894346,5.271887438174628,6.682559350433621
372.0,0,0.602587999881413,2.940200180652255,214.630400841193,10.7921545763642,7.231055998576956,35.28240216782706
373.0,0,0.208096337012315,0.269025608084803,127.309732894984,54.0807532436005,2.49715604414778,3.2283072970176363
374.0,0,0.112335088100638,0.18154152554984648,160.519299913773,64.6291955137681,1.348021057207656,2.178498306598158
375.0,0,0.70213021598149,1.1565859730706052,181.428516531454,40.879475873405,8.42556259177788,13.879031676847262
376.0,0,0.351336201358968,0.35285410421352026,120.772838286554,14.5513420908435,4.2160344163076156,4.234249250562243
377.0,0,0.963146727981377,2.420485566684647,220.968920003601,58.5776814759693,11.557760735776524,29.045826800215764
378.0,0,0.534405323731879,0.7534251060599217,114.188461723342,74.2078612872932,6.412863884782547,9.041101272719061
379.0,0,0.155101346427027,0.28252133121100087,193.815023925061,30.9192548698731,1.861216157124324,3.3902559745320104
380.0,0,0.804770029762785,0.8688669593209397,137.317741768728,24.7331667625091,9.65724035715342,10.426403511851277
381.0,0,0.384876355171565,0.6036782220860459,170.983271305971,47.7603437953194,4.61851626205878,7.244138665032551
382.0,0,0.668735975871165,0.6855467745810984,130.205313895834,18.9431527645408,8.024831710453979,8.22656129497318
383.0,0,0.0169248875356324,0.038384388602707986,209.834979545035,45.9297550554239,0.2030986504275888,0.46061266323249583
384.0,0,0.930246330429995,1.4777142588457082,153.040600970906,68.3851220173374,11.162955965159941,17.732571106148498
385.0,0,0.255432158235019,0.417660062411187,186.702073300097,29.1213916441584,3.0651858988202285,5.011920748934244
386.0,0,0.246602804599047,0.24924226091457058,144.548937980665,12.221391695019,2.959233655188564,2.990907130974847
387.0,0,0.56389457713261,0.874128191270529,165.453627961262,52.2709531606523,6.7667349255913205,10.489538295246348
388.0,0,0.476875471199942,0.6052047974856123,105.004438879935,62.3299940930745,5.7225056543993045,7.2624575698273475
389.0,0,0.83376162530716,1.8086243159689275,205.204093473495,34.5419983407639,10.005139503685921,21.70349179162713
390.0,0,0.988127757588641,1.219814840029585,175.900824716859,16.6149017176004,11.857533091063692,14.63777808035502
391.0,0,0.326542115736145,0.4395711583413231,134.300130176489,55.8786088402281,3.91850538883374,5.274853900095877
392.0,0,0.726110870135916,1.5108480664014223,198.663849759037,66.0568475987491,8.713330441630992,18.130176796817068
393.0,0,0.0884193033169305,0.0981496071165111,111.346277809056,39.0702685584172,1.061031639803166,1.1777952853981333
394.0,0,0.409720002401998,1.5815486734106798,223.818728414013,22.670517782343,4.916640028823976,18.978584080928158
395.0,0,0.779747054239233,0.945057415666497,115.931644399957,50.4585057844698,9.356964650870795,11.340688987997964
396.0,0,0.178975259811973,0.34563601038712477,184.43849990194,72.7791125513114,2.147703117743676,4.147632124645497
397.0,0,0.510474186474546,0.6433467563886097,155.594110829879,32.7295588358618,6.125690237694553,7.720161076663317
398.0,0,0.337690404531849,0.4963966170760159,130.864783446115,71.5099091585872,4.052284854382188,5.956759404912191
399.0,0,0.97295052403911,2.3047849242618668,210.367718159474,33.4922097341984,11.67540628846932,27.6574190911424
400.0,0,0.0751954647842814,0.0857038029960222,153.848141849799,23.4329826762695,0.9023455774113767,1.0284456359522665
401.0,0,0.343145379102351,0.7251806900637803,203.249614875626,53.6833535500416,4.117744549228211,8.702168280765363
402.0,0,0.162368270569387,0.23533044896453248,128.254142956391,70.8455654660471,1.948419246832644,2.8239653875743898
403.0,0,0.527077364145596,1.349621687633089,211.786090175888,26.5344647122369,6.324928369747152,16.19546025159707
404.0,0,0.424369837218436,0.4633556257692817,151.084692197885,20.483012675908,5.092438046621233,5.56026750923138
405.0,0,0.765093407851258,1.3734806247305187,188.658043313116,44.5173696820156,9.181120894215097,16.481767496766224
406.0,0,0.91559840698814,2.300408457302865,221.867527436699,74.3185074516536,10.987180883857679,27.60490148763438
407.0,0,0.270083900700163,0.2901931671192415,117.882784602976,31.3166464499584,3.2410068084019565,3.4823180054308978
408.0,0,0.685341061190921,1.0270336889755072,182.482620235382,25.1304962200277,8.224092734291052,12.324404267706086
409.0,0,0.00032362123916605,0.0004640644476694433,157.550050339325,47.8710518400532,0.0038834548699926,0.00556877337203332
410.0,0,0.493480642214855,0.8833732519190107,177.852442265867,64.5174987151229,5.92176770657826,10.600479023028129
411.0,0,0.817160265863784,0.9778120304861204,132.348452784594,40.4831339588317,9.805923190365409,11.733744365833445
412.0,0,0.23195496685235,0.4742678309060011,200.618359093331,14.1549382958967,2.7834596022282003,5.691213970872013
413.0,0,0.578546226450845,0.725071472726313,109.391829249057,58.4660467998907,6.94255471741014,8.700857672715756
414.0,0,0.120699703861011,0.1212219007436488,137.731816128832,11.4400018211441,1.448396446332132,1.4546628089237856
415.0,0,0.693891491995191,1.1202251687257103,170.538718986611,53.4347661640175,8.326697903942291,13.442702024708524
416.0,0,0.358725054805872,0.45920498001464694,113.774861915006,59.6131660891001,4.304700657670464,5.510459760175763
417.0,0,0.955883766308547,1.78651067797432,194.259097035618,37.8952074953994,11.470605195702564,21.43812813569184
418.0,0,0.542649651436254,0.5572652754574392,121.305179423138,21.7494176468148,6.511795817235048,6.68718330548927
419.0,0,0.146738757543405,0.38685521529373545,220.406101839169,42.7450351377402,1.76086509052086,4.6422625835248255
420.0,0,0.812034779856277,1.3410923806156916,159.987434260364,69.0654807380203,9.744417358275324,16.0931085673883
421.0,0,0.377493343898826,0.5754667642111144,181.990856418491,27.8086198668952,4.529920126785912,6.905601170533373
422.0,0,0.285766518642193,0.8059814950718192,215.19351519299,25.3868497745573,3.429198223706316,9.67177794086183
423.0,0,0.899972992426176,1.1059808926268033,126.777211065479,47.1048006180742,10.799675909114113,13.27177071152164
424.0,0,0.0471470021909755,0.09520596035713424,191.110411008318,73.5600064134261,0.565764026291706,1.142471524285611
425.0,0,0.638452809005455,0.7733495279069302,150.608448645478,31.5652498207365,7.661433708065459,9.280194334883163
426.0,0,0.863991050131961,0.9864839630529332,168.870299635871,15.9350390086776,10.36789260158353,11.837807556635198
427.0,0,0.44658500906828,0.6195166435406918,139.171341092397,57.1918766292514,5.35902010881936,7.434199722488302
428.0,0,0.594221478335271,1.320735311074941,207.647676954671,63.2510787282352,7.130657740023251,15.848823732899291
429.0,0,0.216336970510259,0.23903089463260585,100.615162412027,42.255484487861,2.596043646123108,2.86837073559127
430.0,0,0.995388677481214,1.8406094706244858,184.848295379172,60.9145561765893,11.944664129774567,22.08731364749383
431.0,0,0.319155274262487,0.41244238315016446,155.153870924037,35.9595444283261,3.8298632911498443,4.9493085978019735
432.0,0,0.734351367639372,4.824155548448061,223.408457453606,13.631249479203,8.812216411672464,57.88986658137674
433.0,0,0.0800528842323896,0.09742673565938276,116.372362583195,50.863203305352,0.9606346107886752,1.169120827912593
434.0,0,0.417105055454994,0.8750449865635801,199.199542097315,67.7631722537564,5.005260665459928,10.500539838762961
435.0,0,0.772480292172495,0.8119361278511406,110.780141973576,29.7452013307431,9.26976350606994,9.743233534213687
436.0,0,0.187336075178438,0.240508814055147,175.364657826813,19.5592743899405,2.248032902141256,2.886105768661764
437.0,0,0.502231662094339,0.6291634490082743,134.866745220772,45.3154935952211,6.026779945132068,7.549961388099291
438.0,0,0.660373254718931,0.8902451679603018,105.570874628407,71.3692623962145,7.924479056627172,10.682942015523622
439.0,0,0.0251693214274841,0.054181635613304024,204.668224167924,34.1373008198817,0.30203185712980923,0.6501796273596483
440.0,0,0.922863186888644,1.01328688951412,143.982026749018,24.085948069741,11.074358242663727,12.15944267416944
441.0,0,0.262697014515988,0.40078723271449235,165.989975544228,49.040967568188,3.152364174191856,4.809446792573908
442.0,0,0.23836421288136,0.37301068745932753,153.48114078974,65.4407493449972,2.86037055457632,4.47612824951193
443.0,0,0.572259086705506,0.9837437521980519,186.292100855572,39.6845068891653,6.8671090404660715,11.804925026376623
444.0,0,0.469612641795724,0.47759879017007734,129.764299525232,17.2368281095334,5.635351701548688,5.731185482040928
445.0,0,0.841150372566587,1.9046983376563276,210.245431198363,55.2548222830981,10.093804470799043,22.85638005187593
446.0,0,0.0896664575344674,0.10084759746064265,139.001823889193,29.1661897043366,1.075997490413609,1.2101711695277118
447.0,0,0.724924758814055,1.2721416738838798,171.687390519359,68.3428053480225,8.699097105768661,15.265700086606557
448.0,0,0.327248511159359,0.3836540683334988,114.946483078636,45.9745505725731,3.9269821339123077,4.603848820001986
449.0,0,0.987360315543874,1.7677254552802424,195.552054426861,18.9008388804482,11.848323786526489,21.21270546336291
450.0,0,0.511660238182385,0.5637664587345625,120.019138658847,34.5069379020831,6.139922858188621,6.765197504814751
451.0,0,0.177728165208459,0.4374024875926352,219.242827943347,62.3665402661998,2.132737982501508,5.248829851111623
452.0,0,0.780514317441933,1.1606409375315252,158.831849826292,52.2358875148167,9.366171809303196,13.927691250378302
453.0,0,0.40901378582085,0.49381248390886867,180.71250511595,12.2579428331058,4.9081654298502,5.925749806906424
454.0,0,0.254733512634676,0.6223668914083191,213.922466119819,39.0259686897383,3.056802151616112,7.46840269689983
455.0,0,0.93100602265189,1.2961110552885202,125.629465351098,66.0996571313119,11.17207227182268,15.553332663462243
456.0,0,0.0156702219513129,0.029579633006733275,189.939834883126,55.8343061863269,0.18804266341575482,0.3549555960807993
457.0,0,0.669929598559809,0.7018915559081051,149.314569161496,16.6577137931922,8.039155182717709,8.422698670897262
458.0,0,0.833001873471243,1.1706201875779243,170.155358697387,32.7641278644542,9.996022481654915,14.047442250935092
459.0,0,0.477574176414308,0.734871680009519,140.33548119655,72.7420647959813,5.730890116971696,8.818460160114228
460.0,0,0.5627007756019,1.2565214477206155,208.804246817145,50.4930698481007,6.7524093072228,15.078257372647386
461.0,0,0.247857649025433,0.25114280660204713,101.892651231864,22.6334752341677,2.9742917883051962,3.0137136792245656
462.0,0,0.964402408867011,1.6787553866504368,185.637635521216,44.1017694690442,11.572828906404132,20.14506463980524
463.0,0,0.350141567094887,0.39028393180728926,155.821815228432,20.3920608788783,4.201698805138644,4.683407181687471
464.0,0,0.702827850006396,2.4539005970984817,224.084091685454,26.4035839685191,8.433934200076752,29.44680716518178
465.0,0,0.111576411180057,0.15509844270241047,117.169392652692,70.4698941997638,1.338916934160684,1.8611813124289256
466.0,0,0.386071049049668,0.7802159618483984,198.394164760009,54.1096180158551,4.632852588596016,9.36259154218078
467.0,0,0.80351428926313,0.8037040991860067,110.097591114775,10.7657714371661,9.64217147115756,9.64444919023208
468.0,0,0.155860202189674,0.23602505924941397,174.705057064599,37.2685322389209,1.870322426276088,2.8323007109929677
469.0,0,0.533707510864907,0.7391153991068222,134.084317980052,60.2404628134381,6.404490130378884,8.869384789281867
470.0,0,0.629386745785701,0.7789765297263784,104.780549057961,58.5964392820321,7.552640949428412,9.347718356716541
471.0,0,0.0561558508530344,0.13011418188966672,204.001142346233,14.5301058002362,0.6738702102364128,1.5613701826760007
472.0,0,0.891339905848818,1.1226409180915198,143.307374219944,40.8982304098591,10.696078870185815,13.471691017098237
473.0,0,0.294220301144629,0.48796983752595224,165.1920792664,64.6079622505764,3.530643613735548,5.855638050311427
474.0,0,0.207329969882884,0.29130719563568164,154.285473088607,47.73197915211,2.487959638594608,3.4956863476281796
475.0,0,0.603293324115167,0.9601067921823869,186.975573807112,24.7600408274091,7.239519889382004,11.521281506188643
476.0,0,0.438137009125986,0.48495895222117724,130.424941600258,30.8908857460888,5.2576441095118325,5.819507426654127
477.0,0,0.872625984744004,2.0216578479460168,211.026932620715,74.2347400749615,10.471511816928048,24.2598941753522
478.0,0,0.334512337235509,0.5898425473981206,192.335078234572,28.1769739909441,4.014148046826108,7.078110568777447
479.0,0,0.979974383184053,1.5197177293009645,146.949858023751,69.2024385945722,11.759692598208638,18.236612751611574
480.0,0,0.0646996048868311,0.1589604152593438,215.433824203442,42.8266876830412,0.7763952586419732,1.9075249831121255
481.0,0,0.74976950517802,0.7743010710862563,124.087571328146,22.1730770821148,8.99723406213624,9.291612853035076
482.0,0,0.756645363198448,1.6867981699886059,207.414998028785,37.5181731655488,9.079744358381376,20.24157803986327
483.0,1,0.433004846348006,0.5368256840449703,103.312432233926,59.4809203442691,5.196058156176072,6.441908208539644
484.0,0,0.518070438035749,0.8197915206676498,167.63800232505,53.3424493658745,6.216845256428988,9.837498248011798
485.0,0,0.171440071638766,0.17239810518162813,142.822301629558,11.0230385446055,2.057280859665192,2.0687772621795375
486.0,0,0.00926002396088745,0.010543531496978176,113.526907917478,42.1733281806162,0.1111202875306494,0.1265223779637381
487.0,0,0.676217693992439,1.3773885823195542,196.941091785876,62.8269310313589,8.114612327909269,16.52866298783465
488.0,0,0.278602468741099,0.38103756559962676,136.514793889654,56.8230342436261,3.343229624893188,4.572450787195521
489.0,0,0.907014963987672,1.0842240301428774,174.204954595413,15.7975773901818,10.884179567852064,13.010688361714529
490.0,0,0.587667626386598,0.7615535670890949,161.196826414977,31.6580703808234,7.052011516639176,9.13864280506914
491.0,0,0.22301290079853,0.4173155201226564,178.316990725123,73.9774579515411,2.67615480958236,5.007786241471877
492.0,0,0.825738045532154,0.9988069574603742,121.560763505232,47.4823232095012,9.908856546385849,11.98568348952449
493.0,0,0.484960106911191,1.4570874126013678,217.731737173477,25.5195992813322,5.819521282934292,17.485048951216413
494.0,0,0.709238005149243,0.9338258543232314,145.702630843937,45.2082964442751,8.510856061790916,11.205910251878777
495.0,0,0.10528833251387,0.12041610734627284,162.827329242421,19.1571914662049,1.26345999016644,1.444993288155274
496.0,0,0.940533409913009,0.9805147874214981,106.291897594664,29.4147921063417,11.286400918956108,11.766177449057977
497.0,0,0.374132642525549,0.8038134183186685,202.459290935142,67.5843014034761,4.489591710306588,9.645761019824022
498.0,0,0.130893394252555,0.16670695179413997,129.035646474409,50.9617202504963,1.5707207310306601,2.0004834215296796
499.0,0,0.558552242325366,1.9141422971745214,212.446734346579,14.0380445146596,6.702626907904392,22.969707566094257
500.0,0,0.393334919836335,0.4994344823614938,151.768166779387,36.2792893998853,4.72001903803602,5.9932137883379255
